0,tcp,private,S0,0,0,0,0,0,0,0,0,0,0,0,0,0,0,0,0,0,0,123,6,1,1,0,0,0.05,0.07,0,255,26,0.1,0.05,0,0,1,1,0,0,neptune,19
0,tcp,private,REJ,0,0,0,0,0,0,0,0,0,0,0,0,0,0,0,0,0,0,121,19,0,0,1,1,0.16,0.06,0,255,19,0.07,0.07,0,0,0,0,1,1,neptune,21
0,tcp,private,S0,0,0,0,0,0,0,0,0,0,0,0,0,0,0,0,0,0,0,166,9,1,1,0,0,0.05,0.06,0,255,9,0.04,0.05,0,0,1,1,0,0,neptune,21
0,tcp,private,S0,0,0,0,0,0,0,0,0,0,0,0,0,0,0,0,0,0,0,117,16,1,1,0,0,0.14,0.06,0,255,15,0.06,0.07,0,0,1,1,0,0,neptune,21
0,tcp,remote_job,S0,0,0,0,0,0,0,0,0,0,0,0,0,0,0,0,0,0,0,270,23,1,1,0,0,0.09,0.05,0,255,23,0.09,0.05,0,0,1,1,0,0,neptune,21
0,tcp,private,S0,0,0,0,0,0,0,0,0,0,0,0,0,0,0,0,0,0,0,133,8,1,1,0,0,0.06,0.06,0,255,13,0.05,0.06,0,0,1,1,0,0,neptune,21
0,tcp,private,REJ,0,0,0,0,0,0,0,0,0,0,0,0,0,0,0,0,0,0,205,12,0,0,1,1,0.06,0.06,0,255,12,0.05,0.07,0,0,0,0,1,1,neptune,21
0,tcp,private,S0,0,0,0,0,0,0,0,0,0,0,0,0,0,0,0,0,0,0,199,3,1,1,0,0,0.02,0.06,0,255,13,0.05,0.07,0,0,1,1,0,0,neptune,21
0,tcp,name,S0,0,0,0,0,0,0,0,0,0,0,0,0,0,0,0,0,0,0,233,1,1,1,0,0,0,0.06,0,255,1,0,0.07,0,0,1,1,0,0,neptune,19
0,tcp,netbios_ns,S0,0,0,0,0,0,0,0,0,0,0,0,0,0,0,0,0,0,0,96,16,1,1,0,0,0.17,0.05,0,255,2,0.01,0.06,0,0,1,1,0,0,neptune,18
0,tcp,mtp,S0,0,0,0,0,0,0,0,0,0,0,0,0,0,0,0,0,0,0,223,23,1,1,0,0,0.1,0.05,0,255,23,0.09,0.05,0,0,1,1,0,0,neptune,18
0,tcp,private,S0,0,0,0,0,0,0,0,0,0,0,0,0,0,0,0,0,0,0,280,17,1,1,0,0,0.06,0.05,0,238,17,0.07,0.06,0,0,0.99,1,0,0,neptune,18
0,tcp,mtp,S0,0,0,0,0,0,0,0,0,0,0,0,0,0,0,0,0,0,0,248,2,1,1,0,0,0.01,0.06,0,255,2,0.01,0.06,0,0,1,1,0,0,neptune,19
0,tcp,private,S0,0,0,0,0,0,0,0,0,0,0,0,0,0,0,0,0,0,0,279,7,1,1,0,0,0.03,0.06,0,255,13,0.05,0.07,0,0,1,1,0,0,neptune,21
0,tcp,finger,S0,0,0,0,0,0,0,0,0,0,0,0,0,0,0,0,0,0,0,57,16,1,1,0,0,0.28,0.07,0,255,59,0.23,0.04,0.01,0,1,1,0,0,neptune,20
0,tcp,supdup,S0,0,0,0,0,0,0,0,0,0,0,0,0,0,0,0,0,0,0,205,17,1,1,0,0,0.08,0.06,0,255,17,0.07,0.07,0,0,1,1,0,0,neptune,19
0,tcp,uucp_path,S0,0,0,0,0,0,0,0,0,0,0,0,0,0,0,0,0,0,0,228,13,1,1,0,0,0.06,0.07,0,255,13,0.05,0.07,0,0,1,1,0,0,neptune,20
0,tcp,ftp_data,S0,0,0,0,0,0,0,0,0,0,0,0,0,0,0,0,0,0,0,50,11,1,1,0,0,0.22,0.08,0,255,63,0.25,0.02,0.01,0,1,1,0,0,neptune,19
0,tcp,Z39_50,S0,0,0,0,0,0,0,0,0,0,0,0,0,0,0,0,0,0,0,262,12,1,1,0,0,0.05,0.06,0,255,9,0.04,0.07,0,0,1,1,0,0,neptune,18
0,tcp,csnet_ns,S0,0,0,0,0,0,0,0,0,0,0,0,0,0,0,0,0,0,0,108,11,1,1,0,0,0.1,0.08,0,255,11,0.04,0.07,0,0,1,1,0,0,neptune,18
0,udp,private,SF,28,0,0,3,0,0,0,0,0,0,0,0,0,0,0,0,0,0,80,80,0,0,0,0,1,0,0,255,80,0.31,0.02,0.31,0,0,0,0,0,teardrop,16
0,tcp,ftp_data,S0,0,0,0,0,0,0,0,0,0,0,0,0,0,0,0,0,0,0,258,17,1,1,0,0,0.07,0.05,0,255,5,0.02,0.07,0,0,1,1,0,0,neptune,18
0,tcp,private,REJ,0,0,0,0,0,0,0,0,0,0,0,0,0,0,0,0,0,0,61,4,0,0,1,1,0.07,0.1,0,255,4,0.02,0.08,0,0,0,0,1,1,neptune,21
0,udp,private,SF,28,0,0,3,0,0,0,0,0,0,0,0,0,0,0,0,0,0,2,2,0,0,0,0,1,0,0,255,2,0.01,0.02,0.01,0,0,0,0.77,0,teardrop,15
0,tcp,uucp,S0,0,0,0,0,0,0,0,0,0,0,0,0,0,0,0,0,0,0,135,9,1,1,0,0,0.07,0.06,0,255,11,0.04,0.07,0,0,1,1,0,0,neptune,20
0,tcp,finger,S0,0,0,0,0,0,0,0,0,0,0,0,0,0,0,0,0,0,0,24,12,1,1,0,0,0.5,0.08,0,255,59,0.23,0.04,0,0,1,1,0,0,neptune,18
0,tcp,private,REJ,0,0,0,0,0,0,0,0,0,0,0,0,0,0,0,0,0,0,206,4,0,0,1,1,0.02,0.06,0,255,4,0.02,0.08,0,0,0,0,1,1,neptune,21
0,tcp,private,REJ,0,0,0,0,0,0,0,0,0,0,0,0,0,0,0,0,0,0,63,10,0,0,1,1,0.16,0.08,0,255,10,0.04,0.07,0,0,0,0,1,1,neptune,21
0,tcp,http,S0,0,0,0,0,0,0,0,0,0,0,0,0,0,0,0,0,0,0,52,19,1,1,0,0,0.37,0.08,0,255,67,0.26,0.02,0,0,1,1,0,0,neptune,19
0,tcp,netbios_dgm,REJ,0,0,0,0,0,0,0,0,0,0,0,0,0,0,0,0,0,0,125,7,0,0,1,1,0.06,0.06,0,255,6,0.02,0.07,0,0,0,0,1,1,neptune,20
0,tcp,supdup,S0,0,0,0,0,0,0,0,0,0,0,0,0,0,0,0,0,0,0,168,21,1,1,0,0,0.12,0.06,0,255,21,0.08,0.06,0,0,1,1,0,0,neptune,19
0,tcp,private,S0,0,0,0,0,0,0,0,0,0,0,0,0,0,0,0,0,0,0,145,16,1,1,0,0,0.11,0.06,0,255,31,0.12,0.05,0,0,1,1,0,0,neptune,18
0,tcp,private,S0,0,0,0,0,0,0,0,0,0,0,0,0,0,0,0,0,0,0,138,6,1,1,0,0,0.04,0.06,0,255,6,0.02,0.07,0,0,1,1,0,0,neptune,21
0,tcp,auth,S0,0,0,0,0,0,0,0,0,0,0,0,0,0,0,0,0,0,0,276,9,1,1,0,0,0.03,0.06,0,255,9,0.04,0.06,0,0,1,1,0,0,neptune,19
0,tcp,private,REJ,0,0,0,0,0,0,0,0,0,0,0,0,0,0,0,0,0,0,248,8,0,0,1,1,0.03,0.06,0,255,8,0.03,0.07,0,0,0,0,1,1,neptune,21
0,tcp,uucp_path,REJ,0,0,0,0,0,0,0,0,0,0,0,0,0,0,0,0,0,0,135,7,0,0,1,1,0.05,0.07,0,255,7,0.03,0.07,0,0,0,0,1,1,neptune,19
0,tcp,domain,S0,0,0,0,0,0,0,0,0,0,0,0,0,0,0,0,0,0,0,220,19,1,1,0,0,0.09,0.05,0,255,2,0.01,0.07,0,0,1,1,0,0,neptune,18
0,tcp,private,S0,0,0,0,0,0,0,0,0,0,0,0,0,0,0,0,0,0,0,212,7,1,1,0,0,0.03,0.05,0,72,7,0.1,0.11,0.01,0,0.97,1,0,0,neptune,18
0,tcp,ftp,S0,0,0,0,0,0,0,0,0,0,0,0,0,0,0,0,0,0,0,250,13,1,1,0,0,0.05,0.06,0,255,1,0,0.07,0,0,1,1,0,0,neptune,19
0,tcp,private,REJ,0,0,0,0,0,0,0,0,0,0,0,0,0,0,0,0,0,0,132,15,0,0,1,1,0.11,0.05,0,255,15,0.06,0.06,0,0,0,0,1,1,neptune,21
0,tcp,private,REJ,0,0,0,0,0,0,0,0,0,0,0,0,0,0,0,0,0,0,146,18,0,0,1,1,0.12,0.05,0,255,10,0.04,0.08,0,0,0,0,1,1,neptune,21
0,tcp,csnet_ns,S0,0,0,0,0,0,0,0,0,0,0,0,0,0,0,0,0,0,0,300,6,1,1,0,0,0.02,0.06,0,255,3,0.01,0.07,0,0,1,1,0,0,neptune,18
0,tcp,private,S0,0,0,0,0,0,0,0,0,0,0,0,0,0,0,0,0,0,0,129,16,1,1,0,0,0.12,0.05,0,255,12,0.05,0.05,0,0,1,1,0,0,neptune,21
0,udp,private,SF,28,0,0,3,0,0,0,0,0,0,0,0,0,0,0,0,0,0,82,82,0,0,0,0,1,0,0,255,182,0.71,0.29,0.71,0,0.09,0,0.2,0,teardrop,16
0,tcp,Z39_50,REJ,0,0,0,0,0,0,0,0,0,0,0,0,0,0,0,0,0,0,110,17,0,0,1,1,0.15,0.05,0,255,17,0.07,0.07,0,0,0,0,1,1,neptune,18
0,tcp,uucp_path,REJ,0,0,0,0,0,0,0,0,0,0,0,0,0,0,0,0,0,0,246,20,0,0,1,1,0.08,0.07,0,255,20,0.08,0.07,0,0,0,0,1,1,neptune,19
0,tcp,bgp,REJ,0,0,0,0,0,0,0,0,0,0,0,0,0,0,0,0,0,0,272,19,0,0,1,1,0.07,0.07,0,255,19,0.07,0.08,0,0,0,0,1,1,neptune,19
0,tcp,csnet_ns,S0,0,0,0,0,0,0,0,0,0,0,0,0,0,0,0,0,0,0,259,8,1,1,0,0,0.03,0.07,0,255,8,0.03,0.08,0,0,1,1,0,0,neptune,20
0,tcp,bgp,S0,0,0,0,0,0,0,0,0,0,0,0,0,0,0,0,0,0,0,294,6,1,1,0,0,0.02,0.05,0,255,8,0.03,0.07,0,0,1,1,0,0,neptune,18
0,tcp,private,S0,0,0,0,0,0,0,0,0,0,0,0,0,0,0,0,0,0,0,190,20,1,1,0,0,0.11,0.06,0,255,20,0.08,0.08,0,0,1,1,0,0,neptune,21
0,tcp,ldap,REJ,0,0,0,0,0,0,0,0,0,0,0,0,0,0,0,0,0,0,135,5,0,0,1,1,0.04,0.06,0,255,1,0,0.07,0,0,0,0,1,1,neptune,19
0,tcp,private,S0,0,0,0,0,0,0,0,0,0,0,0,0,0,0,0,0,0,0,123,7,1,1,0,0,0.06,0.06,0,255,7,0.03,0.08,0,0,1,1,0,0,neptune,21
0,tcp,supdup,S0,0,0,0,0,0,0,0,0,0,0,0,0,0,0,0,0,0,0,245,20,1,1,0,0,0.08,0.06,0,255,7,0.03,0.07,0,0,1,1,0,0,neptune,18
0,icmp,ecr_i,SF,1032,0,0,0,0,0,0,0,0,0,0,0,0,0,0,0,0,0,263,263,0,0,0,0,1,0,0,255,255,1,0,1,0,0,0,0,0,smurf,20
0,tcp,private,S0,0,0,0,0,0,0,0,0,0,0,0,0,0,0,0,0,0,0,109,13,1,1,0,0,0.12,0.06,0,255,7,0.03,0.06,0,0,1,1,0,0,neptune,21
0,tcp,bgp,REJ,0,0,0,0,0,0,0,0,0,0,0,0,0,0,0,0,0,0,145,8,0,0,1,1,0.06,0.08,0,255,8,0.03,0.09,0,0,0,0,1,1,neptune,18
0,tcp,netbios_dgm,REJ,0,0,0,0,0,0,0,0,0,0,0,0,0,0,0,0,0,0,250,2,0,0,1,1,0.01,0.07,0,255,2,0.01,0.07,0,0,0,0,1,1,neptune,20
0,tcp,telnet,S0,0,0,0,0,0,0,0,0,0,0,0,0,0,0,0,0,0,0,13,4,1,1,0,0,0.31,0.31,0,255,64,0.25,0.02,0.01,0,1,1,0,0,neptune,19
0,tcp,private,S0,0,0,0,0,0,0,0,0,0,0,0,0,0,0,0,0,0,0,87,1,1,1,0,0,0.01,0.07,0,255,1,0,0.06,0,0,1,1,0,0,neptune,21
0,tcp,vmnet,S0,0,0,0,0,0,0,0,0,0,0,0,0,0,0,0,0,0,0,292,13,1,1,0,0,0.04,0.05,0,255,14,0.05,0.08,0,0,1,1,0,0,neptune,20
0,tcp,systat,S0,0,0,0,0,0,0,0,0,0,0,0,0,0,0,0,0,0,0,295,18,1,1,0,0,0.06,0.05,0,255,1,0,0.08,0,0,1,1,0,0,neptune,18
0,tcp,http_443,S0,0,0,0,0,0,0,0,0,0,0,0,0,0,0,0,0,0,0,143,15,1,1,0,0,0.1,0.06,0,255,15,0.06,0.05,0,0,1,1,0,0,neptune,20
0,tcp,efs,S0,0,0,0,0,0,0,0,0,0,0,0,0,0,0,0,0,0,0,102,19,1,1,0,0,0.19,0.06,0,255,18,0.07,0.06,0,0,1,1,0,0,neptune,19
0,tcp,whois,S0,0,0,0,0,0,0,0,0,0,0,0,0,0,0,0,0,0,0,251,3,1,1,0,0,0.01,0.07,0,255,3,0.01,0.08,0,0,1,1,0,0,neptune,19
0,tcp,remote_job,S0,0,0,0,0,0,0,0,0,0,0,0,0,0,0,0,0,0,0,260,4,1,1,0,0,0.02,0.06,0,255,4,0.02,0.07,0,0,1,1,0,0,neptune,21
0,tcp,gopher,S0,0,0,0,0,0,0,0,0,0,0,0,0,0,0,0,0,0,0,44,12,1,1,0,0,0.27,0.11,0,255,12,0.05,0.08,0,0,1,1,0,0,neptune,18
0,icmp,ecr_i,SF,1032,0,0,0,0,0,0,0,0,0,0,0,0,0,0,0,0,0,511,511,0,0,0,0,1,0,0,255,212,0.83,0.02,0.83,0,0,0,0,0,smurf,18
0,tcp,imap4,REJ,0,0,0,0,0,0,0,0,0,0,0,0,0,0,0,0,0,0,272,15,0,0,1,1,0.06,0.06,0,255,15,0.06,0.07,0,0,0,0,1,1,neptune,19
0,tcp,private,S0,0,0,0,0,0,0,0,0,0,0,0,0,0,0,0,0,0,0,122,19,0.99,1,0,0,0.16,0.07,0,255,19,0.07,0.05,0,0,1,1,0,0,neptune,21
0,tcp,whois,S0,0,0,0,0,0,0,0,0,0,0,0,0,0,0,0,0,0,0,287,3,1,1,0,0,0.01,0.05,0,255,3,0.01,0.05,0,0,1,1,0,0,neptune,18
0,tcp,iso_tsap,S0,0,0,0,0,0,0,0,0,0,0,0,0,0,0,0,0,0,0,286,9,1,1,0,0,0.03,0.06,0,255,11,0.04,0.07,0,0,1,1,0,0,neptune,19
0,udp,private,SF,28,0,0,3,0,0,0,0,0,0,0,0,0,0,0,0,0,0,35,34,0,0,0.03,0,0.97,0.06,0,255,34,0.13,0.02,0.13,0,0,0,0.67,0,teardrop,15
0,tcp,ftp_data,S0,0,0,0,0,0,0,0,0,0,0,0,0,0,0,0,0,0,0,28,2,1,1,0,0,0.07,0.14,0,255,42,0.16,0.03,0,0,1,1,0,0,neptune,18
0,tcp,private,S0,0,0,0,0,0,0,0,0,0,0,0,0,0,0,0,0,0,0,108,18,1,1,0,0,0.17,0.07,0,255,18,0.07,0.07,0,0,1,1,0,0,neptune,21
0,tcp,private,S0,0,0,0,0,0,0,0,0,0,0,0,0,0,0,0,0,0,0,101,5,1,1,0,0,0.05,0.06,0,255,15,0.06,0.07,0,0,1,1,0,0,neptune,21
0,tcp,private,S0,0,0,0,0,0,0,0,0,0,0,0,0,0,0,0,0,0,0,223,10,1,1,0,0,0.04,0.07,0,255,9,0.04,0.05,0,0,1,1,0,0,neptune,21
0,tcp,echo,S0,0,0,0,0,0,0,0,0,0,0,0,0,0,0,0,0,0,0,223,17,1,1,0,0,0.08,0.06,0,255,17,0.07,0.06,0,0,1,1,0,0,neptune,19
0,tcp,klogin,S0,0,0,0,0,0,0,0,0,0,0,0,0,0,0,0,0,0,0,143,14,1,1,0,0,0.1,0.06,0,255,14,0.05,0.06,0,0,1,1,0,0,neptune,21
0,tcp,uucp_path,S0,0,0,0,0,0,0,0,0,0,0,0,0,0,0,0,0,0,0,201,18,1,1,0,0,0.09,0.06,0,255,18,0.07,0.07,0,0,1,1,0,0,neptune,18
0,tcp,netbios_ns,S0,0,0,0,0,0,0,0,0,0,0,0,0,0,0,0,0,0,0,124,19,1,1,0,0,0.15,0.05,0,255,19,0.07,0.05,0,0,1,1,0,0,neptune,20
0,icmp,ecr_i,SF,1480,0,0,1,0,0,0,0,0,0,0,0,0,0,0,0,0,0,2,4,0,0,0,0,1,0,0.5,2,38,1,0,1,0.5,0,0,0,0,pod,14
0,tcp,iso_tsap,S0,0,0,0,0,0,0,0,0,0,0,0,0,0,0,0,0,0,0,277,17,1,1,0,0,0.06,0.05,0,255,17,0.07,0.07,0,0,1,1,0,0,neptune,20
0,tcp,link,S0,0,0,0,0,0,0,0,0,0,0,0,0,0,0,0,0,0,0,274,22,1,1,0,0,0.08,0.05,0,255,22,0.09,0.05,0,0,1,1,0,0,neptune,18
0,tcp,sunrpc,S0,0,0,0,0,0,0,0,0,0,0,0,0,0,0,0,0,0,0,141,12,1,1,0,0,0.09,0.06,0,255,16,0.06,0.06,0,0,1,1,0,0,neptune,20
0,tcp,login,S0,0,0,0,0,0,0,0,0,0,0,0,0,0,0,0,0,0,0,103,3,1,1,0,0,0.03,0.07,0,255,3,0.01,0.07,0,0,1,1,0,0,neptune,21
0,tcp,finger,S0,0,0,0,0,0,0,0,0,0,0,0,0,0,0,0,0,0,0,246,20,1,1,0,0,0.08,0.06,0,255,20,0.08,0.07,0,0,1,1,0,0,neptune,20
0,tcp,kshell,S0,0,0,0,0,0,0,0,0,0,0,0,0,0,0,0,0,0,0,125,24,1,1,0,0,0.19,0.05,0,255,24,0.09,0.05,0,0,1,1,0,0,neptune,18
0,udp,private,SF,28,0,0,3,0,0,0,0,0,0,0,0,0,0,0,0,0,0,4,4,0,0,0,0,1,0,0,255,71,0.28,0.01,0.28,0,0,0,0,0,teardrop,15
0,tcp,ftp,RSTO,0,0,0,0,0,0,0,0,0,0,0,0,0,0,0,0,0,0,250,3,0,0,1,1,0.01,0.06,0,255,3,0.01,0.07,0,0,0,0,1,1,neptune,20
0,tcp,auth,S0,0,0,0,0,0,0,0,0,0,0,0,0,0,0,0,0,0,0,238,7,1,1,0,0,0.03,0.07,0,255,7,0.03,0.07,0,0,1,1,0,0,neptune,20
0,tcp,kshell,S0,0,0,0,0,0,0,0,0,0,0,0,0,0,0,0,0,0,0,102,2,1,1,0,0,0.02,0.07,0,255,2,0.01,0.06,0,0,1,1,0,0,neptune,21
0,tcp,vmnet,S0,0,0,0,0,0,0,0,0,0,0,0,0,0,0,0,0,0,0,281,2,1,1,0,0,0.01,0.06,0,255,3,0.01,0.07,0,0,1,1,0,0,neptune,18
0,tcp,telnet,S0,0,0,0,0,0,0,0,0,0,0,0,0,0,0,0,0,0,0,30,2,1,1,0,0,0.07,0.13,0,255,52,0.2,0.03,0,0,1,1,0,0,neptune,18
0,tcp,ftp_data,S0,0,0,0,0,0,0,0,0,0,0,0,0,0,0,0,0,0,0,276,8,1,1,0,0,0.03,0.06,0,255,8,0.03,0.06,0,0,1,1,0,0,neptune,20
0,tcp,private,S0,0,0,0,0,0,0,0,0,0,0,0,0,0,0,0,0,0,0,163,9,1,1,0,0,0.06,0.09,0,255,9,0.04,0.1,0,0,1,1,0,0,neptune,21
0,tcp,private,S0,0,0,0,0,0,0,0,0,0,0,0,0,0,0,0,0,0,0,301,20,1,1,0,0,0.07,0.06,0,255,19,0.07,0.05,0,0,1,1,0,0,neptune,21
0,icmp,ecr_i,SF,1032,0,0,0,0,0,0,0,0,0,0,0,0,0,0,0,0,0,46,46,0,0,0,0,1,0,0,255,46,0.18,0.02,0.18,0,0,0,0,0,smurf,17
0,tcp,vmnet,S0,0,0,0,0,0,0,0,0,0,0,0,0,0,0,0,0,0,0,211,22,1,1,0,0,0.1,0.05,0,255,22,0.09,0.05,0,0,1,1,0,0,neptune,18
0,tcp,mtp,REJ,0,0,0,0,0,0,0,0,0,0,0,0,0,0,0,0,0,0,280,11,0,0,1,1,0.04,0.06,0,255,11,0.04,0.07,0,0,0,0,1,1,neptune,20
0,tcp,csnet_ns,S0,0,0,0,0,0,0,0,0,0,0,0,0,0,0,0,0,0,0,201,1,1,1,0,0,0,0.06,0,255,4,0.02,0.07,0,0,1,1,0,0,neptune,20
0,tcp,auth,REJ,0,0,0,0,0,0,0,0,0,0,0,0,0,0,0,0,0,0,276,14,0,0,1,1,0.05,0.06,0,255,14,0.05,0.07,0,0,0,0,1,1,neptune,19
0,tcp,vmnet,S0,0,0,0,0,0,0,0,0,0,0,0,0,0,0,0,0,0,0,258,10,1,1,0,0,0.04,0.05,0,255,10,0.04,0.05,0,0,1,1,0,0,neptune,20
0,tcp,private,S0,0,0,0,0,0,0,0,0,0,0,0,0,0,0,0,0,0,0,256,12,1,1,0,0,0.05,0.06,0,255,10,0.04,0.07,0,0,1,1,0,0,neptune,21
0,tcp,http,S0,0,0,0,0,0,0,0,0,0,0,0,0,0,0,0,0,0,0,14,6,1,1,0,0,0.43,0.29,0,94,26,0.28,0.04,0.01,0,1,1,0,0,neptune,18
0,tcp,bgp,S0,0,0,0,0,0,0,0,0,0,0,0,0,0,0,0,0,0,0,138,25,1,1,0,0,0.18,0.05,0,255,25,0.1,0.05,0,0,1,1,0,0,neptune,18
0,tcp,ftp,S0,0,0,0,0,0,0,0,0,0,0,0,0,0,0,0,0,0,0,300,7,1,1,0,0,0.02,0.06,0,255,7,0.03,0.07,0,0,1,1,0,0,neptune,18
0,tcp,time,S0,0,0,0,0,0,0,0,0,0,0,0,0,0,0,0,0,0,0,199,9,1,1,0,0,0.05,0.07,0,255,9,0.04,0.07,0,0,1,1,0,0,neptune,18
0,tcp,private,S0,0,0,0,0,0,0,0,0,0,0,0,0,0,0,0,0,0,0,144,15,1,1,0,0,0.1,0.06,0,255,30,0.12,0.06,0,0,1,1,0,0,neptune,18
0,tcp,sql_net,S0,0,0,0,0,0,0,0,0,0,0,0,0,0,0,0,0,0,0,104,4,1,1,0,0,0.04,0.07,0,255,18,0.07,0.07,0,0,1,1,0,0,neptune,19
0,tcp,private,S0,0,0,0,0,0,0,0,0,0,0,0,0,0,0,0,0,0,0,74,16,1,1,0,0,0.22,0.05,0,255,5,0.02,0.06,0,0,1,1,0,0,neptune,19
0,tcp,hostnames,REJ,0,0,0,0,0,0,0,0,0,0,0,0,0,0,0,0,0,0,225,2,0,0,1,1,0.01,0.07,0,255,2,0.01,0.08,0,0,0,0,1,1,neptune,19
0,tcp,telnet,S0,0,0,0,0,0,0,0,0,0,0,0,0,0,0,0,0,0,0,66,16,0.97,1,0.03,0,0.24,0.09,0,255,52,0.2,0.04,0,0,1,1,0,0,neptune,18
0,tcp,uucp,S0,0,0,0,0,0,0,0,0,0,0,0,0,0,0,0,0,0,0,139,13,1,1,0,0,0.09,0.06,0,255,13,0.05,0.07,0,0,1,1,0,0,neptune,21
0,tcp,exec,RSTO,0,0,0,0,0,0,0,0,0,0,0,0,0,0,0,0,0,0,144,16,0,0,1,1,0.11,0.06,0,255,9,0.04,0.06,0,0,0,0,1,1,neptune,18
0,tcp,netbios_dgm,S0,0,0,0,0,0,0,0,0,0,0,0,0,0,0,0,0,0,0,241,19,1,1,0,0,0.08,0.05,0,255,19,0.07,0.07,0,0,1,1,0,0,neptune,20
0,icmp,ecr_i,SF,1032,0,0,0,0,0,0,0,0,0,0,0,0,0,0,0,0,0,213,213,0,0,0,0,1,0,0,255,255,1,0,1,0,0,0,0,0,smurf,19
0,tcp,private,S0,0,0,0,0,0,0,0,0,0,0,0,0,0,0,0,0,0,0,254,17,1,1,0,0,0.07,0.05,0,255,17,0.07,0.06,0,0,1,1,0,0,neptune,21
0,tcp,telnet,S0,0,0,0,0,0,0,0,0,0,0,0,0,0,0,0,0,0,0,295,7,1,1,0,0,0.02,0.05,0,255,7,0.03,0.05,0,0,1,1,0,0,neptune,19
0,tcp,private,S0,0,0,0,0,0,0,0,0,0,0,0,0,0,0,0,0,0,0,171,3,1,1,0,0,0.02,0.07,0,255,14,0.05,0.07,0,0,1,1,0,0,neptune,19
0,tcp,Z39_50,S0,0,0,0,0,0,0,0,0,0,0,0,0,0,0,0,0,0,0,179,2,1,1,0,0,0.01,0.06,0,255,5,0.02,0.07,0,0,1,1,0,0,neptune,18
0,tcp,http_443,S0,0,0,0,0,0,0,0,0,0,0,0,0,0,0,0,0,0,0,101,7,1,1,0,0,0.07,0.06,0,255,3,0.01,0.07,0,0,1,1,0,0,neptune,21
0,tcp,private,S0,0,0,0,0,0,0,0,0,0,0,0,0,0,0,0,0,0,0,260,9,1,1,0,0,0.03,0.07,0,255,7,0.03,0.07,0,0,1,1,0,0,neptune,21
0,tcp,telnet,S0,0,0,0,0,0,0,0,0,0,0,0,0,0,0,0,0,0,0,125,13,1,1,0,0,0.1,0.06,0,255,8,0.03,0.07,0,0,1,1,0,0,neptune,18
0,tcp,private,REJ,0,0,0,0,0,0,0,0,0,0,0,0,0,0,0,0,0,0,139,10,0,0,1,1,0.07,0.06,0,255,6,0.02,0.09,0,0,0,0,1,1,neptune,21
0,tcp,private,S0,0,0,0,0,0,0,0,0,0,0,0,0,0,0,0,0,0,0,251,7,1,1,0,0,0.03,0.07,0,255,2,0.01,0.07,0,0,1,1,0,0,neptune,21
0,tcp,bgp,S0,0,0,0,0,0,0,0,0,0,0,0,0,0,0,0,0,0,0,211,17,1,1,0,0,0.08,0.07,0,255,12,0.05,0.08,0,0,1,1,0,0,neptune,20
0,tcp,private,S0,0,0,0,0,0,0,0,0,0,0,0,0,0,0,0,0,0,0,208,2,1,1,0,0,0.01,0.07,0,255,5,0.02,0.07,0,0,1,1,0,0,neptune,21
0,tcp,discard,S0,0,0,0,0,0,0,0,0,0,0,0,0,0,0,0,0,0,0,268,19,1,1,0,0,0.07,0.06,0,255,19,0.07,0.07,0,0,1,1,0,0,neptune,20
0,tcp,supdup,S0,0,0,0,0,0,0,0,0,0,0,0,0,0,0,0,0,0,0,286,3,1,1,0,0,0.01,0.05,0,255,3,0.01,0.05,0,0,1,1,0,0,neptune,18
0,tcp,http,S0,0,0,0,0,0,0,0,0,0,0,0,0,0,0,0,0,0,0,272,30,1,0.43,0,0,0.05,0.06,0.1,255,13,0.05,0.08,0,0,1,1,0,0,neptune,18
0,tcp,uucp_path,REJ,0,0,0,0,0,0,0,0,0,0,0,0,0,0,0,0,0,0,241,3,0,0,1,1,0.01,0.07,0,255,3,0.01,0.07,0,0,0,0,1,1,neptune,18
0,tcp,sql_net,S0,0,0,0,0,0,0,0,0,0,0,0,0,0,0,0,0,0,0,125,19,1,1,0,0,0.15,0.06,0,255,18,0.07,0.07,0,0,1,1,0,0,neptune,21
0,tcp,ftp_data,S0,0,0,0,0,0,0,0,0,0,0,0,0,0,0,0,0,0,0,42,10,1,1,0,0,0.24,0.1,0,124,62,0.24,0.03,0.01,0.03,0.98,0.48,0,0,neptune,18
0,tcp,private,S0,0,0,0,0,0,0,0,0,0,0,0,0,0,0,0,0,0,0,274,10,1,1,0,0,0.04,0.06,0,255,10,0.04,0.07,0,0,1,1,0,0,neptune,21
0,tcp,nntp,S0,0,0,0,0,0,0,0,0,0,0,0,0,0,0,0,0,0,0,196,12,1,1,0,0,0.06,0.07,0,255,12,0.05,0.08,0,0,1,1,0,0,neptune,20
0,tcp,courier,S0,0,0,0,0,0,0,0,0,0,0,0,0,0,0,0,0,0,0,111,6,1,1,0,0,0.05,0.07,0,255,6,0.02,0.07,0,0,1,1,0,0,neptune,18
0,tcp,private,S0,0,0,0,0,0,0,0,0,0,0,0,0,0,0,0,0,0,0,168,3,1,1,0,0,0.02,0.08,0,255,3,0.01,0.08,0,0,1,1,0,0,neptune,21
0,tcp,courier,S0,0,0,0,0,0,0,0,0,0,0,0,0,0,0,0,0,0,0,108,8,1,1,0,0,0.07,0.06,0,255,8,0.03,0.07,0,0,1,1,0,0,neptune,18
0,tcp,private,S0,0,0,0,0,0,0,0,0,0,0,0,0,0,0,0,0,0,0,36,12,1,1,0,0,0.33,0.14,0,255,12,0.05,0.1,0,0,1,1,0,0,neptune,21
0,tcp,private,S0,0,0,0,0,0,0,0,0,0,0,0,0,0,0,0,0,0,0,143,19,1,1,0,0,0.13,0.06,0,255,4,0.02,0.06,0,0,1,1,0,0,neptune,21
0,tcp,uucp,S0,0,0,0,0,0,0,0,0,0,0,0,0,0,0,0,0,0,0,132,8,1,1,0,0,0.06,0.05,0,255,8,0.03,0.05,0,0,1,1,0,0,neptune,20
0,tcp,ftp,S0,0,0,0,0,0,0,0,0,0,0,0,0,0,0,0,0,0,0,222,1,1,1,0,0,0,0.06,0,255,1,0,0.06,0,0,1,1,0,0,neptune,20
0,tcp,private,S0,0,0,0,0,0,0,0,0,0,0,0,0,0,0,0,0,0,0,260,8,1,1,0,0,0.03,0.05,0,120,8,0.07,0.08,0.01,0,0.98,1,0,0,neptune,18
0,tcp,private,S0,0,0,0,0,0,0,0,0,0,0,0,0,0,0,0,0,0,0,237,15,1,1,0,0,0.06,0.07,0,255,1,0,0.08,0,0,1,1,0,0,neptune,21
0,tcp,private,S0,0,0,0,0,0,0,0,0,0,0,0,0,0,0,0,0,0,0,132,15,1,1,0,0,0.11,0.06,0,255,16,0.06,0.05,0,0,1,1,0,0,neptune,21
0,tcp,private,S0,0,0,0,0,0,0,0,0,0,0,0,0,0,0,0,0,0,0,57,11,1,1,0,0,0.19,0.11,0,255,11,0.04,0.07,0,0,1,1,0,0,neptune,21
0,tcp,finger,S0,0,0,0,0,0,0,0,0,0,0,0,0,0,0,0,0,0,0,257,19,1,1,0,0,0.07,0.05,0,255,19,0.07,0.07,0,0,1,1,0,0,neptune,20
0,tcp,private,S0,0,0,0,0,0,0,0,0,0,0,0,0,0,0,0,0,0,0,257,19,1,1,0,0,0.07,0.05,0,255,2,0.01,0.09,0,0,1,1,0,0,neptune,21
0,tcp,telnet,S0,0,0,0,0,0,0,0,0,0,0,0,0,0,0,0,0,0,0,13,13,1,1,0,0,1,0,0,135,75,0.56,0.01,0.01,0,0.99,0.97,0,0,neptune,18
0,tcp,exec,RSTO,0,0,0,0,0,0,0,0,0,0,0,0,0,0,0,0,0,0,137,9,0,0,1,1,0.07,0.06,0,255,4,0.02,0.06,0,0,0,0,1,1,neptune,20
0,tcp,login,S0,0,0,0,0,0,0,0,0,0,0,0,0,0,0,0,0,0,0,132,3,1,1,0,0,0.02,0.06,0,255,14,0.05,0.07,0,0,1,1,0,0,neptune,18
0,tcp,Z39_50,S0,0,0,0,0,0,0,0,0,0,0,0,0,0,0,0,0,0,0,290,16,1,1,0,0,0.06,0.06,0,255,11,0.04,0.08,0,0,1,1,0,0,neptune,20
0,tcp,private,S0,0,0,0,0,0,0,0,0,0,0,0,0,0,0,0,0,0,0,203,2,1,1,0,0,0.01,0.06,0,255,9,0.04,0.06,0,0,1,1,0,0,neptune,21
0,tcp,private,S0,0,0,0,0,0,0,0,0,0,0,0,0,0,0,0,0,0,0,290,8,1,1,0,0,0.03,0.06,0,255,9,0.04,0.08,0,0,1,1,0,0,neptune,21
0,tcp,uucp,RSTO,0,0,0,0,0,0,0,0,0,0,0,0,0,0,0,0,0,0,116,3,0,0,1,1,0.03,0.07,0,255,3,0.01,0.08,0,0,0,0,1,1,neptune,20
0,tcp,private,S0,0,0,0,0,0,0,0,0,0,0,0,0,0,0,0,0,0,0,260,6,1,1,0,0,0.02,0.07,0,255,5,0.02,0.07,0,0,1,1,0,0,neptune,21
0,udp,private,SF,28,0,0,3,0,0,0,0,0,0,0,0,0,0,0,0,0,0,21,21,0,0,0,0,1,0,0,255,21,0.08,0.02,0.08,0,0,0,0,0,teardrop,15
0,icmp,ecr_i,SF,1032,0,0,0,0,0,0,0,0,0,0,0,0,0,0,0,0,0,486,486,0,0,0,0,1,0,0,255,255,1,0,1,0,0,0,0,0,smurf,20
0,icmp,ecr_i,SF,520,0,0,0,0,0,0,0,0,0,0,0,0,0,0,0,0,0,457,457,0,0,0,0,1,0,0,153,153,1,0,1,0,0,0,0,0,smurf,18
0,tcp,ftp_data,S0,0,0,0,0,0,0,0,0,0,0,0,0,0,0,0,0,0,0,47,4,1,1,0,0,0.09,0.09,0,255,64,0.25,0.02,0.02,0,1,1,0,0,neptune,18
0,tcp,login,RSTO,0,0,0,0,0,0,0,0,0,0,0,0,0,0,0,0,0,0,139,10,0,0,1,1,0.07,0.06,0,255,10,0.04,0.06,0,0,0,0,1,1,neptune,20
0,tcp,whois,S0,0,0,0,0,0,0,0,0,0,0,0,0,0,0,0,0,0,0,200,6,1,1,0,0,0.03,0.08,0,255,6,0.02,0.07,0,0,1,1,0,0,neptune,18
0,tcp,ctf,S0,0,0,0,0,0,0,0,0,0,0,0,0,0,0,0,0,0,0,140,1,1,1,0,0,0.01,0.06,0,255,1,0,0.08,0,0,1,1,0,0,neptune,18
0,icmp,ecr_i,SF,1032,0,0,0,0,0,0,0,0,0,0,0,0,0,0,0,0,0,511,511,0,0,0,0,1,0,0,255,200,0.78,0.01,0.78,0,0,0,0,0,smurf,18
0,udp,private,SF,28,0,0,3,0,0,0,0,0,0,0,0,0,0,0,0,0,0,68,68,0,0,0,0,1,0,0,255,68,0.27,0.02,0.27,0,0,0,0,0,teardrop,15
0,tcp,private,S0,0,0,0,0,0,0,0,0,0,0,0,0,0,0,0,0,0,0,132,7,1,1,0,0,0.05,0.06,0,255,7,0.03,0.06,0,0,1,1,0,0,neptune,21
0,tcp,private,S0,0,0,0,0,0,0,0,0,0,0,0,0,0,0,0,0,0,0,115,18,1,1,0,0,0.16,0.04,0,255,18,0.07,0.04,0,0,1,1,0,0,neptune,21
0,tcp,private,S0,0,0,0,0,0,0,0,0,0,0,0,0,0,0,0,0,0,0,35,16,1,1,0,0,0.46,0.11,0,255,16,0.06,0.08,0,0,1,1,0,0,neptune,21
0,tcp,csnet_ns,S0,0,0,0,0,0,0,0,0,0,0,0,0,0,0,0,0,0,0,275,15,1,1,0,0,0.05,0.06,0,255,15,0.06,0.09,0,0,1,1,0,0,neptune,20
0,tcp,private,REJ,0,0,0,0,0,0,0,0,0,0,0,0,0,0,0,0,0,0,76,13,0,0,1,1,0.17,0.08,0,255,13,0.05,0.07,0,0,0,0,1,1,neptune,21
0,tcp,csnet_ns,S0,0,0,0,0,0,0,0,0,0,0,0,0,0,0,0,0,0,0,202,2,1,1,0,0,0.01,0.06,0,255,8,0.03,0.07,0,0,1,1,0,0,neptune,20
0,tcp,private,S0,0,0,0,0,0,0,0,0,0,0,0,0,0,0,0,0,0,0,252,14,1,1,0,0,0.06,0.07,0,255,13,0.05,0.09,0,0,1,1,0,0,neptune,21
0,tcp,telnet,S0,0,0,0,0,0,0,0,0,0,0,0,0,0,0,0,0,0,0,74,17,1,1,0,0,0.23,0.05,0,255,58,0.23,0.02,0.01,0,1,1,0,0,neptune,19
0,tcp,private,S0,0,0,0,0,0,0,0,0,0,0,0,0,0,0,0,0,0,0,116,19,1,1,0,0,0.16,0.06,0,255,15,0.06,0.06,0,0,1,1,0,0,neptune,21
0,tcp,vmnet,S0,0,0,0,0,0,0,0,0,0,0,0,0,0,0,0,0,0,0,197,2,1,1,0,0,0.01,0.07,0,255,2,0.01,0.08,0,0,1,1,0,0,neptune,18
0,tcp,private,S0,0,0,0,0,0,0,0,0,0,0,0,0,0,0,0,0,0,0,198,4,1,1,0,0,0.02,0.08,0,255,4,0.02,0.08,0,0,1,1,0,0,neptune,21
0,tcp,private,REJ,0,0,0,0,0,0,0,0,0,0,0,0,0,0,0,0,0,0,102,3,0,0,1,1,0.03,0.07,0,255,1,0,0.07,0,0,0,0,1,1,neptune,21
0,tcp,link,S0,0,0,0,0,0,0,0,0,0,0,0,0,0,0,0,0,0,0,223,21,1,1,0,0,0.09,0.05,0,255,21,0.08,0.05,0,0,1,1,0,0,neptune,18
0,tcp,login,S0,0,0,0,0,0,0,0,0,0,0,0,0,0,0,0,0,0,0,138,6,1,1,0,0,0.04,0.06,0,255,6,0.02,0.06,0,0,1,1,0,0,neptune,20
0,tcp,private,REJ,0,0,0,0,0,0,0,0,0,0,0,0,0,0,0,0,0,0,154,1,0,0,1,1,0.01,0.07,0,255,1,0,0.07,0,0,0,0,1,1,neptune,21
0,tcp,ssh,S0,0,0,0,0,0,0,0,0,0,0,0,0,0,0,0,0,0,0,204,18,1,1,0,0,0.09,0.06,0,255,18,0.07,0.07,0,0,1,1,0,0,neptune,20
0,tcp,time,S0,0,0,0,0,0,0,0,0,0,0,0,0,0,0,0,0,0,0,262,4,1,1,0,0,0.02,0.06,0,255,4,0.02,0.07,0,0,1,1,0,0,neptune,19
0,tcp,domain,S0,0,0,0,0,0,0,0,0,0,0,0,0,0,0,0,0,0,0,253,1,1,1,0,0,0,0.07,0,255,1,0,0.08,0,0,1,1,0,0,neptune,19
0,tcp,private,S0,0,0,0,0,0,0,0,0,0,0,0,0,0,0,0,0,0,0,142,15,1,1,0,0,0.11,0.06,0,255,8,0.03,0.06,0,0,1,1,0,0,neptune,21
0,tcp,login,S0,0,0,0,0,0,0,0,0,0,0,0,0,0,0,0,0,0,0,139,20,1,1,0,0,0.14,0.06,0,255,20,0.08,0.05,0,0,1,1,0,0,neptune,20
0,tcp,private,S0,0,0,0,0,0,0,0,0,0,0,0,0,0,0,0,0,0,0,196,9,1,1,0,0,0.05,0.06,0,255,20,0.08,0.07,0,0,1,1,0,0,neptune,20
0,tcp,private,S0,0,0,0,0,0,0,0,0,0,0,0,0,0,0,0,0,0,0,262,7,1,1,0,0,0.03,0.06,0,255,14,0.05,0.08,0,0,1,1,0,0,neptune,21
0,tcp,exec,S0,0,0,0,0,0,0,0,0,0,0,0,0,0,0,0,0,0,0,103,17,1,1,0,0,0.17,0.06,0,255,17,0.07,0.05,0,0,1,1,0,0,neptune,20
0,tcp,mtp,S0,0,0,0,0,0,0,0,0,0,0,0,0,0,0,0,0,0,0,221,16,1,1,0,0,0.07,0.06,0,255,17,0.07,0.08,0,0,1,1,0,0,neptune,19
0,tcp,finger,S0,0,0,0,0,0,0,0,0,0,0,0,0,0,0,0,0,0,0,33,14,1,1,0,0,0.42,0.06,0,255,14,0.05,0.07,0.01,0,1,1,0,0,neptune,19
0,tcp,uucp_path,S0,0,0,0,0,0,0,0,0,0,0,0,0,0,0,0,0,0,0,221,14,1,1,0,0,0.06,0.05,0,255,14,0.05,0.05,0,0,1,1,0,0,neptune,20
0,tcp,Z39_50,REJ,0,0,0,0,0,0,0,0,0,0,0,0,0,0,0,0,0,0,284,14,0,0,1,1,0.05,0.06,0,255,14,0.05,0.07,0,0,0,0,1,1,neptune,20
0,tcp,telnet,S0,0,0,0,0,0,0,0,0,0,0,0,0,0,0,0,0,0,0,150,16,1,1,0,0,0.11,0.05,0,255,1,0,0.08,0,0,1,1,0,0,neptune,18
0,tcp,imap4,S0,0,0,0,0,0,0,0,0,0,0,0,0,0,0,0,0,0,0,255,9,1,1,0,0,0.04,0.06,0,255,9,0.04,0.07,0,0,1,1,0,0,neptune,20
0,tcp,private,S0,0,0,0,0,0,0,0,0,0,0,0,0,0,0,0,0,0,0,26,2,1,1,0,0,0.08,0.15,0,255,12,0.05,0.08,0,0,1,1,0,0,neptune,20
0,tcp,finger,S0,0,0,0,0,0,0,0,0,0,0,0,0,0,0,0,0,0,0,74,20,1,1,0,0,0.27,0.05,0,255,58,0.23,0.04,0,0,1,1,0,0,neptune,19
0,tcp,smtp,S0,0,0,0,0,0,0,0,0,0,0,0,0,0,0,0,0,0,0,7,9,1,0.78,0,0,1,0,0.33,29,141,0.24,0.07,0.03,0.01,0.93,0.05,0,0,neptune,12
0,tcp,daytime,S0,0,0,0,0,0,0,0,0,0,0,0,0,0,0,0,0,0,0,235,4,1,1,0,0,0.02,0.07,0,255,4,0.02,0.07,0,0,1,1,0,0,neptune,20
0,tcp,private,S0,0,0,0,0,0,0,0,0,0,0,0,0,0,0,0,0,0,0,131,20,1,1,0,0,0.15,0.05,0,255,18,0.07,0.07,0,0,1,1,0,0,neptune,21
0,tcp,ldap,S0,0,0,0,0,0,0,0,0,0,0,0,0,0,0,0,0,0,0,124,2,1,1,0,0,0.02,0.07,0,255,2,0.01,0.07,0,0,1,1,0,0,neptune,20
0,tcp,finger,S0,0,0,0,0,0,0,0,0,0,0,0,0,0,0,0,0,0,0,34,15,1,1,0,0,0.44,0.06,0,255,15,0.06,0.07,0.01,0,1,1,0,0,neptune,19
0,tcp,Z39_50,S0,0,0,0,0,0,0,0,0,0,0,0,0,0,0,0,0,0,0,16,3,1,1,0,0,0.19,0.25,0,255,9,0.04,0.08,0,0,1,1,0,0,neptune,18
0,tcp,bgp,S0,0,0,0,0,0,0,0,0,0,0,0,0,0,0,0,0,0,0,115,7,1,1,0,0,0.06,0.06,0,255,7,0.03,0.05,0,0,1,1,0,0,neptune,18
0,tcp,private,REJ,0,0,0,0,0,0,0,0,0,0,0,0,0,0,0,0,0,0,130,10,0,0,1,1,0.08,0.06,0,255,7,0.03,0.07,0,0,0,0,1,1,neptune,21
0,tcp,time,S0,0,0,0,0,0,0,0,0,0,0,0,0,0,0,0,0,0,0,236,15,1,1,0,0,0.06,0.07,0,255,15,0.06,0.07,0,0,1,1,0,0,neptune,20
0,tcp,time,RSTO,0,0,0,0,0,0,0,0,0,0,0,0,0,0,0,0,0,0,280,16,0,0,1,1,0.06,0.06,0,255,16,0.06,0.07,0,0,0,0,1,1,neptune,21
0,tcp,private,S0,0,0,0,0,0,0,0,0,0,0,0,0,0,0,0,0,0,0,268,2,1,1,0,0,0.01,0.07,0,255,2,0.01,0.08,0,0,1,1,0,0,neptune,21
0,tcp,private,S0,0,0,0,0,0,0,0,0,0,0,0,0,0,0,0,0,0,0,84,18,1,1,0,0,0.21,0.06,0,255,18,0.07,0.07,0,0,1,1,0,0,neptune,21
0,icmp,ecr_i,SF,520,0,0,0,0,0,0,0,0,0,0,0,0,0,0,0,0,0,139,139,0,0,0,0,1,0,0,255,255,1,0,1,0,0,0,0,0,smurf,18
0,tcp,Z39_50,S0,0,0,0,0,0,0,0,0,0,0,0,0,0,0,0,0,0,0,211,6,1,1,0,0,0.03,0.06,0,255,6,0.02,0.06,0,0,1,1,0,0,neptune,20
0,tcp,uucp,S0,0,0,0,0,0,0,0,0,0,0,0,0,0,0,0,0,0,0,100,2,1,1,0,0,0.02,0.06,0,255,2,0.01,0.05,0,0,1,1,0,0,neptune,20
0,tcp,netbios_dgm,S0,0,0,0,0,0,0,0,0,0,0,0,0,0,0,0,0,0,0,101,13,1,1,0,0,0.13,0.05,0,255,13,0.05,0.05,0,0,1,1,0,0,neptune,19
0,tcp,ftp,S0,0,0,0,0,0,0,0,0,0,0,0,0,0,0,0,0,0,0,265,4,1,1,0,0,0.02,0.06,0,255,17,0.07,0.07,0,0,1,1,0,0,neptune,18
0,tcp,private,S0,0,0,0,0,0,0,0,0,0,0,0,0,0,0,0,0,0,0,54,17,1,1,0,0,0.31,0.07,0,255,17,0.07,0.05,0,0,1,1,0,0,neptune,21
0,tcp,whois,REJ,0,0,0,0,0,0,0,0,0,0,0,0,0,0,0,0,0,0,248,20,0,0,1,1,0.08,0.06,0,255,20,0.08,0.07,0,0,0,0,1,1,neptune,18
0,tcp,http,S0,0,0,0,0,0,0,0,0,0,0,0,0,0,0,0,0,0,0,251,12,1,1,0,0,0.05,0.06,0,255,12,0.05,0.07,0,0,1,1,0,0,neptune,19
0,tcp,discard,S0,0,0,0,0,0,0,0,0,0,0,0,0,0,0,0,0,0,0,222,18,1,1,0,0,0.08,0.05,0,255,18,0.07,0.05,0,0,1,1,0,0,neptune,18
0,tcp,ftp_data,S0,0,0,0,0,0,0,0,0,0,0,0,0,0,0,0,0,0,0,228,4,1,1,0,0,0.02,0.06,0,255,4,0.02,0.07,0,0,1,1,0,0,neptune,19
0,tcp,shell,S0,0,0,0,0,0,0,0,0,0,0,0,0,0,0,0,0,0,0,129,22,1,1,0,0,0.17,0.05,0,255,22,0.09,0.05,0,0,1,1,0,0,neptune,21
0,tcp,private,S0,0,0,0,0,0,0,0,0,0,0,0,0,0,0,0,0,0,0,118,9,1,1,0,0,0.08,0.08,0,255,17,0.07,0.06,0,0,1,1,0,0,neptune,21
0,tcp,private,S0,0,0,0,0,0,0,0,0,0,0,0,0,0,0,0,0,0,0,84,16,1,1,0,0,0.19,0.06,0,255,1,0,0.06,0,0,1,1,0,0,neptune,19
0,tcp,private,S0,0,0,0,0,0,0,0,0,0,0,0,0,0,0,0,0,0,0,115,4,1,1,0,0,0.03,0.06,0,255,18,0.07,0.07,0,0,1,1,0,0,neptune,21
0,tcp,private,S0,0,0,0,0,0,0,0,0,0,0,0,0,0,0,0,0,0,0,111,10,1,1,0,0,0.09,0.06,0,155,11,0.07,0.1,0.01,0,1,1,0,0,neptune,18
0,tcp,netbios_ns,REJ,0,0,0,0,0,0,0,0,0,0,0,0,0,0,0,0,0,0,241,12,0,0,1,1,0.05,0.07,0,255,12,0.05,0.07,0,0,0,0,1,1,neptune,20
0,tcp,systat,REJ,0,0,0,0,0,0,0,0,0,0,0,0,0,0,0,0,0,0,242,1,0,0,1,1,0,0.07,0,255,1,0,0.08,0,0,0,0,1,1,neptune,19
0,tcp,supdup,S0,0,0,0,0,0,0,0,0,0,0,0,0,0,0,0,0,0,0,101,6,1,1,0,0,0.06,0.05,0,255,6,0.02,0.05,0,0,1,1,0,0,neptune,20
0,tcp,private,S0,0,0,0,0,0,0,0,0,0,0,0,0,0,0,0,0,0,0,114,8,1,1,0,0,0.07,0.06,0,255,11,0.04,0.07,0,0,1,1,0,0,neptune,21
0,tcp,kshell,S0,0,0,0,0,0,0,0,0,0,0,0,0,0,0,0,0,0,0,136,23,1,1,0,0,0.17,0.04,0,255,23,0.09,0.05,0,0,1,1,0,0,neptune,19
0,tcp,hostnames,S0,0,0,0,0,0,0,0,0,0,0,0,0,0,0,0,0,0,0,272,4,1,1,0,0,0.01,0.05,0,255,4,0.02,0.05,0,0,1,1,0,0,neptune,20
0,tcp,private,S0,0,0,0,0,0,0,0,0,0,0,0,0,0,0,0,0,0,0,209,8,1,1,0,0,0.04,0.07,0,255,9,0.04,0.07,0,0,1,1,0,0,neptune,21
0,tcp,uucp,RSTO,0,0,0,0,0,0,0,0,0,0,0,0,0,0,0,0,0,0,110,16,0,0,1,1,0.15,0.06,0,255,16,0.06,0.07,0,0,0,0,1,1,neptune,18
0,tcp,echo,S0,0,0,0,0,0,0,0,0,0,0,0,0,0,0,0,0,0,0,268,5,1,1,0,0,0.02,0.06,0,255,5,0.02,0.08,0,0,1,1,0,0,neptune,19
0,tcp,domain,S0,0,0,0,0,0,0,0,0,0,0,0,0,0,0,0,0,0,0,292,14,1,1,0,0,0.05,0.06,0,255,11,0.04,0.06,0,0,1,1,0,0,neptune,19
0,tcp,klogin,S0,0,0,0,0,0,0,0,0,0,0,0,0,0,0,0,0,0,0,2,2,1,1,0,0,1,0,0,255,2,0.01,0.07,0,0,1,1,0,0,neptune,19
0,tcp,finger,S0,0,0,0,0,0,0,0,0,0,0,0,0,0,0,0,0,0,0,297,15,1,1,0,0,0.05,0.05,0,255,15,0.06,0.05,0,0,1,1,0,0,neptune,20
0,tcp,ftp,S0,0,0,0,0,0,0,0,0,0,0,0,0,0,0,0,0,0,0,150,1,1,1,0,0,0.01,0.06,0,255,1,0,0.07,0,0,1,1,0,0,neptune,19
0,tcp,ctf,S0,0,0,0,0,0,0,0,0,0,0,0,0,0,0,0,0,0,0,198,6,1,1,0,0,0.03,0.08,0,255,6,0.02,0.08,0,0,1,1,0,0,neptune,20
0,tcp,private,S0,0,0,0,0,0,0,0,0,0,0,0,0,0,0,0,0,0,0,63,4,1,1,0,0,0.06,0.08,0,212,4,0.02,0.07,0,0,1,1,0,0,neptune,18
0,tcp,supdup,S0,0,0,0,0,0,0,0,0,0,0,0,0,0,0,0,0,0,0,299,9,1,1,0,0,0.03,0.05,0,255,9,0.04,0.05,0,0,1,1,0,0,neptune,18
0,tcp,private,S0,0,0,0,0,0,0,0,0,0,0,0,0,0,0,0,0,0,0,234,1,1,1,0,0,0,0.06,0,255,16,0.06,0.08,0,0,1,1,0,0,neptune,21
0,udp,private,SF,28,0,0,3,0,0,0,0,0,0,0,0,0,0,0,0,0,0,88,88,0,0,0,0,1,0,0,255,88,0.35,0.02,0.35,0,0,0,0,0,teardrop,17
0,tcp,iso_tsap,REJ,0,0,0,0,0,0,0,0,0,0,0,0,0,0,0,0,0,0,244,17,0,0,1,1,0.07,0.06,0,255,17,0.07,0.07,0,0,0,0,1,1,neptune,18
0,tcp,netbios_ns,S0,0,0,0,0,0,0,0,0,0,0,0,0,0,0,0,0,0,0,237,12,1,1,0,0,0.05,0.05,0,255,12,0.05,0.06,0,0,1,1,0,0,neptune,21
0,tcp,ldap,REJ,0,0,0,0,0,0,0,0,0,0,0,0,0,0,0,0,0,0,287,15,0,0,1,1,0.05,0.06,0,255,15,0.06,0.07,0,0,0,0,1,1,neptune,20
0,tcp,telnet,S0,0,0,0,0,0,0,0,0,0,0,0,0,0,0,0,0,0,0,11,11,1,1,0,0,1,0,0,133,73,0.55,0.02,0.01,0,0.98,0.97,0,0,neptune,18
0,tcp,private,S0,0,0,0,0,0,0,0,0,0,0,0,0,0,0,0,0,0,0,73,3,1,1,0,0,0.04,0.07,0,255,17,0.07,0.05,0,0,1,1,0,0,neptune,20
0,tcp,auth,S0,0,0,0,0,0,0,0,0,0,0,0,0,0,0,0,0,0,0,240,6,1,1,0,0,0.03,0.07,0,255,6,0.02,0.07,0,0,1,1,0,0,neptune,20
0,tcp,private,S0,0,0,0,0,0,0,0,0,0,0,0,0,0,0,0,0,0,0,149,2,1,1,0,0,0.01,0.07,0,255,13,0.05,0.07,0,0,1,1,0,0,neptune,20
0,tcp,nntp,S0,0,0,0,0,0,0,0,0,0,0,0,0,0,0,0,0,0,0,92,3,1,1,0,0,0.03,0.07,0,255,14,0.05,0.06,0,0,1,1,0,0,neptune,18
0,tcp,imap4,S0,0,0,0,0,0,0,0,0,0,0,0,0,0,0,0,0,0,0,191,2,1,1,0,0,0.01,0.06,0,255,2,0.01,0.06,0,0,1,1,0,0,neptune,18
0,tcp,private,S0,0,0,0,0,0,0,0,0,0,0,0,0,0,0,0,0,0,0,12,5,1,1,0,0,0.42,0.33,0,255,5,0.02,0.1,0,0,1,1,0,0,neptune,21
0,udp,private,SF,28,0,0,3,0,0,0,0,0,0,0,0,0,0,0,0,0,0,99,99,0,0,0,0,1,0,0,255,66,0.26,0.01,0.26,0,0,0,0,0,teardrop,18
0,tcp,private,REJ,0,0,0,0,0,0,0,0,0,0,0,0,0,0,0,0,0,0,150,20,0,0,1,1,0.13,0.06,0,255,1,0,0.06,0,0,0,0,1,1,neptune,21
0,tcp,private,S0,0,0,0,0,0,0,0,0,0,0,0,0,0,0,0,0,0,0,226,16,1,1,0,0,0.07,0.05,0,255,16,0.06,0.07,0,0,1,1,0,0,neptune,21
0,tcp,private,REJ,0,0,0,0,0,0,0,0,0,0,0,0,0,0,0,0,0,0,122,7,0,0,1,1,0.06,0.07,0,255,27,0.11,0.06,0,0,0,0,1,1,neptune,18
0,tcp,private,S0,0,0,0,0,0,0,0,0,0,0,0,0,0,0,0,0,0,0,237,8,1,1,0,0,0.03,0.07,0,255,20,0.08,0.07,0,0,1,1,0,0,neptune,21
0,tcp,private,S0,0,0,0,0,0,0,0,0,0,0,0,0,0,0,0,0,0,0,219,2,1,1,0,0,0.01,0.06,0,255,3,0.01,0.06,0,0,1,1,0,0,neptune,21
0,tcp,private,S0,0,0,0,0,0,0,0,0,0,0,0,0,0,0,0,0,0,0,148,19,1,1,0,0,0.13,0.05,0,255,37,0.15,0.05,0,0,1,1,0,0,neptune,18
0,tcp,domain,S0,0,0,0,0,0,0,0,0,0,0,0,0,0,0,0,0,0,0,276,20,1,1,0,0,0.07,0.05,0,255,20,0.08,0.05,0,0,1,1,0,0,neptune,20
0,tcp,private,S0,0,0,0,0,0,0,0,0,0,0,0,0,0,0,0,0,0,0,166,4,1,1,0,0,0.02,0.07,0,255,17,0.07,0.08,0,0,1,1,0,0,neptune,19
0,tcp,csnet_ns,S0,0,0,0,0,0,0,0,0,0,0,0,0,0,0,0,0,0,0,197,5,1,1,0,0,0.03,0.07,0,255,5,0.02,0.07,0,0,1,1,0,0,neptune,20
0,tcp,netstat,REJ,0,0,0,0,0,0,0,0,0,0,0,0,0,0,0,0,0,0,104,2,0,0,1,1,0.02,0.08,0,255,2,0.01,0.07,0,0,0,0,1,1,neptune,20
0,tcp,private,REJ,0,0,0,0,0,0,0,0,0,0,0,0,0,0,0,0,0,0,264,20,0,0,1,1,0.08,0.05,0,255,20,0.08,0.06,0,0,0,0,1,1,neptune,21
0,tcp,private,S0,0,0,0,0,0,0,0,0,0,0,0,0,0,0,0,0,0,0,254,22,1,1,0,0,0.09,0.05,0,58,22,0.38,0.1,0.02,0,0.97,1,0,0,neptune,18
0,tcp,uucp,S0,0,0,0,0,0,0,0,0,0,0,0,0,0,0,0,0,0,0,122,11,1,1,0,0,0.09,0.06,0,255,11,0.04,0.06,0,0,1,1,0,0,neptune,19
0,icmp,ecr_i,SF,1032,0,0,0,0,0,0,0,0,0,0,0,0,0,0,0,0,0,511,511,0,0,0,0,1,0,0,255,118,0.46,0.01,0.46,0,0,0,0,0,smurf,20
0,tcp,private,S0,0,0,0,0,0,0,0,0,0,0,0,0,0,0,0,0,0,0,101,1,1,1,0,0,0.01,0.08,0,255,1,0,0.08,0,0,1,1,0,0,neptune,21
0,tcp,vmnet,S0,0,0,0,0,0,0,0,0,0,0,0,0,0,0,0,0,0,0,232,15,1,1,0,0,0.06,0.06,0,255,15,0.06,0.07,0,0,1,1,0,0,neptune,20
0,tcp,uucp,S0,0,0,0,0,0,0,0,0,0,0,0,0,0,0,0,0,0,0,131,7,1,1,0,0,0.05,0.06,0,255,7,0.03,0.07,0,0,1,1,0,0,neptune,20
0,icmp,ecr_i,SF,1032,0,0,0,0,0,0,0,0,0,0,0,0,0,0,0,0,0,511,511,0,0,0,0,1,0,0,255,67,0.26,0.04,0.26,0,0.16,0,0.02,0,smurf,19
0,tcp,nnsp,S0,0,0,0,0,0,0,0,0,0,0,0,0,0,0,0,0,0,0,126,4,1,1,0,0,0.03,0.07,0,255,4,0.02,0.07,0,0,1,1,0,0,neptune,19
0,tcp,name,S0,0,0,0,0,0,0,0,0,0,0,0,0,0,0,0,0,0,0,263,3,1,1,0,0,0.01,0.06,0,255,3,0.01,0.06,0,0,1,1,0,0,neptune,19
0,tcp,whois,S0,0,0,0,0,0,0,0,0,0,0,0,0,0,0,0,0,0,0,127,12,1,1,0,0,0.09,0.06,0,255,12,0.05,0.06,0,0,1,1,0,0,neptune,19
0,tcp,netbios_dgm,S0,0,0,0,0,0,0,0,0,0,0,0,0,0,0,0,0,0,0,194,18,1,1,0,0,0.09,0.05,0,255,18,0.07,0.05,0,0,1,1,0,0,neptune,19
0,tcp,gopher,REJ,0,0,0,0,0,0,0,0,0,0,0,0,0,0,0,0,0,0,266,15,0,0,1,1,0.06,0.07,0,255,15,0.06,0.07,0,0,0,0,1,1,neptune,20
0,udp,private,SF,28,0,0,3,0,0,0,0,0,0,0,0,0,0,0,0,0,0,27,27,0,0,0,0,1,0,0,255,27,0.11,0.02,0.11,0,0,0,0,0,teardrop,15
0,tcp,ftp_data,S0,0,0,0,0,0,0,0,0,0,0,0,0,0,0,0,0,0,0,25,5,1,1,0,0,0.2,0.08,0,27,51,0.19,0.11,0.07,0.04,0.93,0.1,0,0,neptune,17
0,tcp,ssh,S0,0,0,0,0,0,0,0,0,0,0,0,0,0,0,0,0,0,0,100,7,1,1,0,0,0.07,0.05,0,255,7,0.03,0.06,0,0,1,1,0,0,neptune,20
0,tcp,iso_tsap,REJ,0,0,0,0,0,0,0,0,0,0,0,0,0,0,0,0,0,0,240,10,0,0,1,1,0.04,0.06,0,255,10,0.04,0.07,0,0,0,0,1,1,neptune,18
0,tcp,domain,S0,0,0,0,0,0,0,0,0,0,0,0,0,0,0,0,0,0,0,287,17,1,1,0,0,0.06,0.06,0,255,10,0.04,0.09,0,0,1,1,0,0,neptune,20
0,tcp,ftp,RSTO,0,0,0,0,0,0,0,0,0,0,0,0,0,0,0,0,0,0,282,19,0,0,1,1,0.07,0.06,0,255,19,0.07,0.06,0,0,0,0,1,1,neptune,20
0,tcp,Z39_50,S0,0,0,0,0,0,0,0,0,0,0,0,0,0,0,0,0,0,0,129,18,1,1,0,0,0.14,0.05,0,255,18,0.07,0.05,0,0,1,1,0,0,neptune,18
0,tcp,discard,S0,0,0,0,0,0,0,0,0,0,0,0,0,0,0,0,0,0,0,244,5,1,1,0,0,0.02,0.07,0,255,5,0.02,0.07,0,0,1,1,0,0,neptune,20
0,tcp,auth,S0,0,0,0,0,0,0,0,0,0,0,0,0,0,0,0,0,0,0,279,11,1,1,0,0,0.04,0.06,0,255,11,0.04,0.07,0,0,1,1,0,0,neptune,20
0,tcp,private,S0,0,0,0,0,0,0,0,0,0,0,0,0,0,0,0,0,0,0,134,16,1,1,0,0,0.12,0.07,0,255,17,0.07,0.06,0,0,1,1,0,0,neptune,21
0,tcp,hostnames,S0,0,0,0,0,0,0,0,0,0,0,0,0,0,0,0,0,0,0,269,18,1,1,0,0,0.07,0.06,0,255,18,0.07,0.06,0,0,1,1,0,0,neptune,20
0,icmp,ecr_i,SF,1032,0,0,0,0,0,0,0,0,0,0,0,0,0,0,0,0,0,322,322,0,0,0,0,1,0,0,255,219,0.86,0.01,0.86,0,0,0,0,0,smurf,17
0,tcp,telnet,S0,0,0,0,0,0,0,0,0,0,0,0,0,0,0,0,0,0,0,31,11,1,1,0,0,0.35,0.06,0,255,11,0.04,0.07,0.01,0,1,1,0,0,neptune,19
0,tcp,ftp_data,S0,0,0,0,0,0,0,0,0,0,0,0,0,0,0,0,0,0,0,271,25,1,1,0,0,0.09,0.05,0,255,25,0.1,0.05,0,0,1,1,0,0,neptune,18
0,tcp,exec,S0,0,0,0,0,0,0,0,0,0,0,0,0,0,0,0,0,0,0,140,12,1,1,0,0,0.09,0.06,0,255,12,0.05,0.06,0,0,1,1,0,0,neptune,20
0,tcp,link,S0,0,0,0,0,0,0,0,0,0,0,0,0,0,0,0,0,0,0,180,13,1,1,0,0,0.07,0.07,0,255,13,0.05,0.07,0,0,1,1,0,0,neptune,18
0,tcp,finger,S0,0,0,0,0,0,0,0,0,0,0,0,0,0,0,0,0,0,0,278,20,1,1,0,0,0.07,0.06,0,255,20,0.08,0.07,0,0,1,1,0,0,neptune,20
0,tcp,netstat,S0,0,0,0,0,0,0,0,0,0,0,0,0,0,0,0,0,0,0,45,4,1,1,0,0,0.09,0.13,0,255,4,0.02,0.09,0,0,1,1,0,0,neptune,18
0,tcp,echo,S0,0,0,0,0,0,0,0,0,0,0,0,0,0,0,0,0,0,0,6,3,1,1,0,0,0.5,0.33,0,255,3,0.01,0.08,0,0,1,1,0,0,neptune,18
0,tcp,hostnames,S0,0,0,0,0,0,0,0,0,0,0,0,0,0,0,0,0,0,0,279,10,1,1,0,0,0.04,0.06,0,255,10,0.04,0.08,0,0,1,1,0,0,neptune,20
0,tcp,private,REJ,0,0,0,0,0,0,0,0,0,0,0,0,0,0,0,0,0,0,111,17,0,0,1,1,0.15,0.06,0,255,17,0.07,0.07,0,0,0,0,1,1,neptune,21
0,tcp,iso_tsap,S0,0,0,0,0,0,0,0,0,0,0,0,0,0,0,0,0,0,0,145,7,1,1,0,0,0.05,0.07,0,255,7,0.03,0.07,0,0,1,1,0,0,neptune,20
0,tcp,private,S0,0,0,0,0,0,0,0,0,0,0,0,0,0,0,0,0,0,0,231,9,1,1,0,0,0.04,0.07,0,255,14,0.05,0.08,0,0,1,1,0,0,neptune,21
0,tcp,courier,S0,0,0,0,0,0,0,0,0,0,0,0,0,0,0,0,0,0,0,130,4,1,1,0,0,0.03,0.06,0,255,2,0.01,0.07,0,0,1,1,0,0,neptune,19
0,tcp,ftp_data,S0,0,0,0,0,0,0,0,0,0,0,0,0,0,0,0,0,0,0,23,3,1,1,0,0,0.13,0.17,0,255,54,0.21,0.04,0.01,0,1,1,0,0,neptune,18
0,tcp,gopher,S0,0,0,0,0,0,0,0,0,0,0,0,0,0,0,0,0,0,0,214,16,1,1,0,0,0.07,0.06,0,255,15,0.06,0.08,0,0,1,1,0,0,neptune,19
0,tcp,name,S0,0,0,0,0,0,0,0,0,0,0,0,0,0,0,0,0,0,0,244,2,1,1,0,0,0.01,0.06,0,255,2,0.01,0.06,0,0,1,1,0,0,neptune,19
0,tcp,private,S0,0,0,0,0,0,0,0,0,0,0,0,0,0,0,0,0,0,0,257,3,1,1,0,0,0.01,0.07,0,255,17,0.07,0.06,0,0,1,1,0,0,neptune,21
0,tcp,private,S0,0,0,0,0,0,0,0,0,0,0,0,0,0,0,0,0,0,0,234,6,1,1,0,0,0.03,0.06,0,255,6,0.02,0.07,0,0,1,1,0,0,neptune,21
0,tcp,ftp_data,REJ,0,0,0,0,0,0,0,0,0,0,0,0,0,0,0,0,0,0,116,2,0,0,1,1,0.02,0.07,0,255,2,0.01,0.07,0,0,0,0,1,1,neptune,19
0,tcp,hostnames,S0,0,0,0,0,0,0,0,0,0,0,0,0,0,0,0,0,0,0,106,6,1,1,0,0,0.06,0.07,0,255,17,0.07,0.08,0,0,1,1,0,0,neptune,18
0,tcp,daytime,S0,0,0,0,0,0,0,0,0,0,0,0,0,0,0,0,0,0,0,256,4,1,1,0,0,0.02,0.06,0,255,4,0.02,0.05,0,0,1,1,0,0,neptune,19
0,tcp,imap4,S0,0,0,0,0,0,0,0,0,0,0,0,0,0,0,0,0,0,0,286,15,1,1,0,0,0.05,0.06,0,255,5,0.02,0.07,0,0,1,1,0,0,neptune,18
0,tcp,private,S0,0,0,0,0,0,0,0,0,0,0,0,0,0,0,0,0,0,0,233,7,1,1,0,0,0.03,0.06,0,255,9,0.04,0.05,0,0,1,1,0,0,neptune,21
0,tcp,telnet,S0,0,0,0,0,0,0,0,0,0,0,0,0,0,0,0,0,0,0,29,15,1,1,0,0,0.52,0.07,0,255,63,0.25,0.02,0.01,0,1,1,0,0,neptune,18
0,tcp,exec,S0,0,0,0,0,0,0,0,0,0,0,0,0,0,0,0,0,0,0,108,18,1,1,0,0,0.17,0.06,0,255,9,0.04,0.07,0,0,1,1,0,0,neptune,18
0,tcp,courier,S0,0,0,0,0,0,0,0,0,0,0,0,0,0,0,0,0,0,0,102,2,1,1,0,0,0.02,0.07,0,255,2,0.01,0.09,0,0,1,1,0,0,neptune,19
0,tcp,iso_tsap,S0,0,0,0,0,0,0,0,0,0,0,0,0,0,0,0,0,0,0,229,9,1,1,0,0,0.04,0.07,0,255,9,0.04,0.09,0,0,1,1,0,0,neptune,20
0,tcp,mtp,S0,0,0,0,0,0,0,0,0,0,0,0,0,0,0,0,0,0,0,239,12,1,1,0,0,0.05,0.06,0,255,4,0.02,0.09,0,0,1,1,0,0,neptune,18
0,icmp,ecr_i,SF,1032,0,0,0,0,0,0,0,0,0,0,0,0,0,0,0,0,0,511,511,0,0,0,0,1,0,0,243,98,0.4,0.01,0.4,0,0,0,0,0,smurf,18
0,udp,private,SF,28,0,0,3,0,0,0,0,0,0,0,0,0,0,0,0,0,0,18,18,0,0,0,0,1,0,0,255,18,0.07,0.02,0.07,0,0,0,0.72,0,teardrop,15
0,tcp,http,REJ,0,0,0,0,0,0,0,0,0,0,0,0,0,0,0,0,0,0,258,6,0,0,1,1,0.02,0.07,0,255,6,0.02,0.07,0,0,0,0,1,1,neptune,19
0,tcp,private,S0,0,0,0,0,0,0,0,0,0,0,0,0,0,0,0,0,0,0,105,5,1,1,0,0,0.05,0.07,0,255,27,0.11,0.05,0,0,1,1,0,0,neptune,19
0,tcp,klogin,S0,0,0,0,0,0,0,0,0,0,0,0,0,0,0,0,0,0,0,145,21,1,1,0,0,0.14,0.05,0,255,21,0.08,0.05,0,0,1,1,0,0,neptune,20
0,tcp,courier,S0,0,0,0,0,0,0,0,0,0,0,0,0,0,0,0,0,0,0,123,21,1,1,0,0,0.17,0.06,0,255,21,0.08,0.05,0,0,1,1,0,0,neptune,20
0,tcp,bgp,S0,0,0,0,0,0,0,0,0,0,0,0,0,0,0,0,0,0,0,9,2,1,1,0,0,0.22,0.33,0,255,2,0.01,0.07,0,0,1,1,0,0,neptune,18
0,tcp,whois,S0,0,0,0,0,0,0,0,0,0,0,0,0,0,0,0,0,0,0,45,2,1,1,0,0,0.04,0.13,0,255,10,0.04,0.08,0,0,1,1,0,0,neptune,18
0,tcp,bgp,S0,0,0,0,0,0,0,0,0,0,0,0,0,0,0,0,0,0,0,265,9,1,1,0,0,0.03,0.06,0,255,9,0.04,0.06,0,0,1,1,0,0,neptune,20
0,tcp,imap4,S0,0,0,0,0,0,0,0,0,0,0,0,0,0,0,0,0,0,0,255,7,1,1,0,0,0.03,0.06,0,255,10,0.04,0.07,0,0,1,1,0,0,neptune,20
0,tcp,private,S0,0,0,0,0,0,0,0,0,0,0,0,0,0,0,0,0,0,0,104,10,1,1,0,0,0.1,0.06,0,255,10,0.04,0.05,0,0,1,1,0,0,neptune,21
0,tcp,http,S0,0,0,0,0,0,0,0,0,0,0,0,0,0,0,0,0,0,0,150,20,1,1,0,0,0.13,0.06,0,255,14,0.05,0.07,0,0,1,1,0,0,neptune,18
0,tcp,gopher,S0,0,0,0,0,0,0,0,0,0,0,0,0,0,0,0,0,0,0,232,3,1,1,0,0,0.01,0.06,0,255,3,0.01,0.06,0,0,1,1,0,0,neptune,18
0,tcp,bgp,S0,0,0,0,0,0,0,0,0,0,0,0,0,0,0,0,0,0,0,217,2,1,1,0,0,0.01,0.07,0,255,2,0.01,0.08,0,0,1,1,0,0,neptune,19
0,tcp,private,REJ,0,0,0,0,0,0,0,0,0,0,0,0,0,0,0,0,0,0,66,1,0,0,1,1,0.02,0.09,0,255,16,0.06,0.06,0,0,0,0,1,1,neptune,18
0,tcp,imap4,S0,0,0,0,0,0,0,0,0,0,0,0,0,0,0,0,0,0,0,195,1,1,1,0,0,0.01,0.06,0,255,1,0,0.05,0,0,1,1,0,0,neptune,20
0,tcp,private,S0,0,0,0,0,0,0,0,0,0,0,0,0,0,0,0,0,0,0,232,13,1,1,0,0,0.06,0.07,0,255,13,0.05,0.06,0,0,1,1,0,0,neptune,21
0,icmp,ecr_i,SF,1032,0,0,0,0,0,0,0,0,0,0,0,0,0,0,0,0,0,65,65,0,0,0,0,1,0,0,255,255,1,0,1,0,0,0,0,0,smurf,19
0,tcp,uucp,S0,0,0,0,0,0,0,0,0,0,0,0,0,0,0,0,0,0,0,120,2,1,1,0,0,0.02,0.06,0,255,1,0,0.07,0,0,1,1,0,0,neptune,19
0,tcp,ftp,S0,0,0,0,0,0,0,0,0,0,0,0,0,0,0,0,0,0,0,262,18,1,1,0,0,0.07,0.06,0,255,18,0.07,0.06,0,0,1,1,0,0,neptune,20
0,tcp,private,S0,0,0,0,0,0,0,0,0,0,0,0,0,0,0,0,0,0,0,146,16,1,1,0,0,0.11,0.05,0,255,4,0.02,0.07,0,0,1,1,0,0,neptune,21
0,icmp,ecr_i,SF,520,0,0,0,0,0,0,0,0,0,0,0,0,0,0,0,0,0,261,261,0,0,0,0,1,0,0,255,255,1,0,1,0,0,0,0,0,smurf,19
0,tcp,discard,S0,0,0,0,0,0,0,0,0,0,0,0,0,0,0,0,0,0,0,242,1,1,1,0,0,0,0.07,0,255,1,0,0.07,0,0,1,1,0,0,neptune,19
0,tcp,finger,S0,0,0,0,0,0,0,0,0,0,0,0,0,0,0,0,0,0,0,213,21,1,1,0,0,0.1,0.05,0,255,21,0.08,0.05,0,0,1,1,0,0,neptune,19
0,tcp,http,S0,0,0,0,0,0,0,0,0,0,0,0,0,0,0,0,0,0,0,50,11,1,1,0,0,0.22,0.08,0,255,51,0.2,0.02,0.01,0,1,1,0,0,neptune,18
0,tcp,echo,S0,0,0,0,0,0,0,0,0,0,0,0,0,0,0,0,0,0,0,170,11,1,1,0,0,0.06,0.06,0,255,11,0.04,0.06,0,0,1,1,0,0,neptune,18
0,tcp,supdup,S0,0,0,0,0,0,0,0,0,0,0,0,0,0,0,0,0,0,0,252,23,1,1,0,0,0.09,0.06,0,255,23,0.09,0.06,0,0,1,1,0,0,neptune,18
0,tcp,private,S0,0,0,0,0,0,0,0,0,0,0,0,0,0,0,0,0,0,0,126,15,1,1,0,0,0.12,0.06,0,93,8,0.09,0.12,0.01,0,1,1,0,0,neptune,18
0,tcp,http,REJ,0,0,0,0,0,0,0,0,0,0,0,0,0,0,0,0,0,0,269,18,0,0,1,1,0.07,0.06,0,255,18,0.07,0.09,0,0,0,0,1,1,neptune,18
0,tcp,telnet,S0,0,0,0,0,0,0,0,0,0,0,0,0,0,0,0,0,0,0,61,15,1,1,0,0,0.25,0.07,0,223,57,0.26,0.02,0.01,0,0.99,0.96,0,0,neptune,18
0,tcp,pop_2,S0,0,0,0,0,0,0,0,0,0,0,0,0,0,0,0,0,0,0,281,3,1,1,0,0,0.01,0.06,0,255,3,0.01,0.06,0,0,1,1,0,0,neptune,21
0,tcp,private,S0,0,0,0,0,0,0,0,0,0,0,0,0,0,0,0,0,0,0,240,1,1,1,0,0,0,0.06,0,255,1,0,0.06,0,0,1,1,0,0,neptune,21
0,tcp,supdup,S0,0,0,0,0,0,0,0,0,0,0,0,0,0,0,0,0,0,0,260,8,1,1,0,0,0.03,0.06,0,255,14,0.05,0.07,0,0,1,1,0,0,neptune,20
0,tcp,private,S0,0,0,0,0,0,0,0,0,0,0,0,0,0,0,0,0,0,0,275,3,1,1,0,0,0.01,0.07,0,255,3,0.01,0.07,0,0,1,1,0,0,neptune,21
0,tcp,efs,REJ,0,0,0,0,0,0,0,0,0,0,0,0,0,0,0,0,0,0,116,12,0,0,1,1,0.1,0.08,0,255,12,0.05,0.07,0,0,0,0,1,1,neptune,20
0,tcp,private,S0,0,0,0,0,0,0,0,0,0,0,0,0,0,0,0,0,0,0,164,7,1,1,0,0,0.04,0.07,0,255,8,0.03,0.09,0,0,1,1,0,0,neptune,21
0,tcp,netbios_ns,REJ,0,0,0,0,0,0,0,0,0,0,0,0,0,0,0,0,0,0,194,3,0,0,1,1,0.02,0.07,0,255,3,0.01,0.08,0,0,0,0,1,1,neptune,18
0,tcp,uucp,RSTO,0,0,0,0,0,0,0,0,0,0,0,0,0,0,0,0,0,0,121,16,0,0,1,1,0.13,0.07,0,255,16,0.06,0.07,0,0,0,0,1,1,neptune,19
0,tcp,private,S0,0,0,0,0,0,0,0,0,0,0,0,0,0,0,0,0,0,0,220,11,1,1,0,0,0.05,0.05,0,24,11,0.46,0.12,0.04,0,0.92,1,0,0,neptune,18
0,tcp,telnet,S0,0,0,0,0,0,0,0,0,0,0,0,0,0,0,0,0,0,0,29,2,1,1,0,0,0.07,0.14,0,255,62,0.24,0.02,0.01,0,1,1,0,0,neptune,18
0,tcp,finger,RSTO,0,0,0,0,0,0,0,0,0,0,0,0,0,0,0,0,0,0,229,11,0,0,1,1,0.05,0.06,0,255,11,0.04,0.07,0,0,0,0,1,1,neptune,20
0,tcp,courier,REJ,0,0,0,0,0,0,0,0,0,0,0,0,0,0,0,0,0,0,118,16,0,0,1,1,0.14,0.07,0,255,16,0.06,0.06,0,0,0,0,1,1,neptune,20
0,tcp,ldap,S0,0,0,0,0,0,0,0,0,0,0,0,0,0,0,0,0,0,0,240,9,1,1,0,0,0.04,0.06,0,255,9,0.04,0.06,0,0,1,1,0,0,neptune,19
0,tcp,finger,S0,0,0,0,0,0,0,0,0,0,0,0,0,0,0,0,0,0,0,18,18,1,1,0,0,1,0,0,78,24,0.23,0.05,0.01,0.08,1,0.75,0,0,neptune,18
0,icmp,ecr_i,SF,520,0,0,0,0,0,0,0,0,0,0,0,0,0,0,0,0,0,434,434,0,0,0,0,1,0,0,30,30,1,0,1,0,0,0,0,0,smurf,18
0,tcp,efs,REJ,0,0,0,0,0,0,0,0,0,0,0,0,0,0,0,0,0,0,144,15,0,0,1,1,0.1,0.06,0,255,15,0.06,0.06,0,0,0,0,1,1,neptune,20
0,tcp,private,S0,0,0,0,0,0,0,0,0,0,0,0,0,0,0,0,0,0,0,258,9,1,1,0,0,0.03,0.05,0,118,9,0.08,0.08,0.01,0,0.98,1,0,0,neptune,18
0,tcp,printer,RSTO,0,0,0,0,0,0,0,0,0,0,0,0,0,0,0,0,0,0,111,5,0,0,1,1,0.05,0.06,0,255,5,0.02,0.08,0,0,0,0,1,1,neptune,21
0,tcp,nntp,S0,0,0,0,0,0,0,0,0,0,0,0,0,0,0,0,0,0,0,228,22,1,1,0,0,0.1,0.05,0,255,22,0.09,0.06,0,0,1,1,0,0,neptune,20
0,tcp,private,S0,0,0,0,0,0,0,0,0,0,0,0,0,0,0,0,0,0,0,282,16,1,1,0,0,0.06,0.06,0,255,15,0.06,0.08,0,0,1,1,0,0,neptune,21
0,icmp,ecr_i,SF,520,0,0,0,0,0,0,0,0,0,0,0,0,0,0,0,0,0,282,282,0,0,0,0,1,0,0,255,255,1,0,1,0,0,0,0,0,smurf,18
0,icmp,ecr_i,SF,1032,0,0,0,0,0,0,0,0,0,0,0,0,0,0,0,0,0,250,250,0,0,0,0,1,0,0,255,250,0.98,0.01,0.98,0,0,0,0,0,smurf,18
0,tcp,private,S0,0,0,0,0,0,0,0,0,0,0,0,0,0,0,0,0,0,0,75,6,1,1,0,0,0.08,0.07,0,255,15,0.06,0.06,0,0,1,1,0,0,neptune,21
0,tcp,time,S0,0,0,0,0,0,0,0,0,0,0,0,0,0,0,0,0,0,0,262,7,1,1,0,0,0.03,0.06,0,255,7,0.03,0.09,0,0,1,1,0,0,neptune,20
0,tcp,private,S0,0,0,0,0,0,0,0,0,0,0,0,0,0,0,0,0,0,0,206,18,1,1,0,0,0.09,0.07,0,255,20,0.08,0.07,0,0,1,1,0,0,neptune,21
0,tcp,ctf,S0,0,0,0,0,0,0,0,0,0,0,0,0,0,0,0,0,0,0,270,7,1,1,0,0,0.03,0.06,0,255,7,0.03,0.08,0,0,1,1,0,0,neptune,19
0,tcp,echo,S0,0,0,0,0,0,0,0,0,0,0,0,0,0,0,0,0,0,0,239,6,1,1,0,0,0.03,0.06,0,255,6,0.02,0.05,0,0,1,1,0,0,neptune,20
0,tcp,sunrpc,S0,0,0,0,0,0,0,0,0,0,0,0,0,0,0,0,0,0,0,229,7,1,1,0,0,0.03,0.07,0,255,7,0.03,0.07,0,0,1,1,0,0,neptune,20
0,tcp,private,S0,0,0,0,0,0,0,0,0,0,0,0,0,0,0,0,0,0,0,113,7,1,1,0,0,0.06,0.08,0,255,7,0.03,0.07,0,0,1,1,0,0,neptune,21
0,tcp,private,S0,0,0,0,0,0,0,0,0,0,0,0,0,0,0,0,0,0,0,279,16,1,1,0,0,0.06,0.05,0,255,5,0.02,0.07,0,0,1,1,0,0,neptune,21
